[
  { "name": "Titusville", "slug": "titusville-air-duct-cleaning" },
  { "name": "Rockledge", "slug": "rockledge-air-duct-cleaning" },
  { "name": "Merritt Island", "slug": "merritt-island-air-duct-cleaning" },
  { "name": "Cocoa", "slug": "cocoa-air-duct-cleaning" },
  { "name": "New Smyrna Beach", "slug": "new-smyrna-beach-air-duct-cleaning" },
  { "name": "Melbourne", "slug": "melbourne-air-duct-cleaning" },
  { "name": "Viera", "slug": "viera-air-duct-cleaning" },
  { "name": "Suntree", "slug": "suntree-air-duct-cleaning" },
  { "name": "Port St. John", "slug": "port-st-john-air-duct-cleaning" }
]